106969656,T5AKPY0L16,https://development-prakerja.oss-ap-southeast-5-internal.aliyuncs.com/106969656-542498-1709604464891289142.jpeg,2024-05-18 22:49:14,1152,0,G000000006FFC20240305000000207734916619
9023550,IPG3F7IFA5,https://development-prakerja.oss-ap-southeast-5-internal.aliyuncs.com/9023550-290768-1709604546154955438.jpeg,2024-05-18 22:49:16,1153,0,G000000006FFC20240305000000207737527370
106969656,T5AKPY0L16,https://development-prakerja.oss-ap-southeast-5-internal.aliyuncs.com/106969656-461866-1709604577042977299.jpeg,2024-05-18 22:49:17,1154,0,G000000006FFC20240305000000207738314109
80335948,VUZGY09DLE,https://development-prakerja.oss-ap-southeast-5-internal.aliyuncs.com/80335948-258398-1709604695201499066.jpeg,2024-05-18 22:49:22,1156,0,G000000006FFC20240305000000207741598138
89402562,P9QQI7AZHY,https://development-prakerja.oss-ap-southeast-5-internal.aliyuncs.com/89402562-555528-1709616133524133507.jpeg,2024-05-18 22:49:53,1161,0,G000000006FFC20240305000000208118098815
105065640,IOGMK62C5L,https://development-prakerja.oss-ap-southeast-5-internal.aliyuncs.com/105065640-142842-1709616166087935552.jpeg,2024-05-18 22:49:55,1162,0,G000000006FFC20240305000000208119656030
106327577,76ERUIUSM1,https://development-prakerja.oss-ap-southeast-5-internal.aliyuncs.com/106327577-762865-1709616180591551521.jpeg,2024-05-18 22:49:57,1163,0,G000000006FFC20240305000000208120725100
106122905,KZD0JBLNGO,https://development-prakerja.oss-ap-southeast-5-internal.aliyuncs.com/106122905-552389-1709616216889678417.jpeg,2024-05-18 22:49:58,1164,0,G000000006FFC20240305000000208121961565
106097868,XZURW8DZX4,https://development-prakerja.oss-ap-southeast-5-internal.aliyuncs.com/106097868-104298-1709616230799914525.jpeg,2024-05-18 22:50:00,1165,0,G000000006FFC20240305000000208122836492
11381051,G4B5DF0W5E,https://development-prakerja.oss-ap-southeast-5-internal.aliyuncs.com/11381051-915710-1709616065877918087.jpeg,2024-05-18 22:50:01,1166,0,G000000006FFC20240305000000208114865949
107130584,DP5DQSL6AF,https://development-prakerja.oss-ap-southeast-5-internal.aliyuncs.com/107130584-672575-1709615880133033331.jpeg,2024-05-18 22:50:04,1168,0,G000000006FFC20240305000000208109630586
106362998,U9HXYZZ5BO,https://development-prakerja.oss-ap-southeast-5-internal.aliyuncs.com/106362998-556499-1709615874366205960.jpeg,2024-05-18 22:50:05,1169,0,G000000006FFC20240305000000208108148698
106883551,ZTUEZY95XS,https://development-prakerja.oss-ap-southeast-5-internal.aliyuncs.com/106883551-847819-1709615565917354473.jpeg,2024-05-18 22:50:06,1170,0,G000000006FFC20240305000000208097614578
77043315,AMYOJKGGQJ,https://development-prakerja.oss-ap-southeast-5-internal.aliyuncs.com/77043315-950657-1709615377544854773.jpeg,2024-05-18 22:50:15,1173,0,G000000006FFC20240305000000208090358302
50278833,J7EMP802V9,https://development-prakerja.oss-ap-southeast-5-internal.aliyuncs.com/50278833-544703-1709615392315755549.jpeg,2024-05-18 22:50:17,1174,0,G000000006FFC20240305000000208091343838
50278833,J7EMP802V9,https://development-prakerja.oss-ap-southeast-5-internal.aliyuncs.com/50278833-654758-1709615409553071419.jpeg,2024-05-18 22:50:18,1175,0,G000000006FFC20240305000000208091935240
15684039,SGKWH06816,https://development-prakerja.oss-ap-southeast-5-internal.aliyuncs.com/15684039-531987-1709615437837731051.jpeg,2024-05-18 22:50:19,1176,0,G000000006FFC20240305000000208092971890
106167054,BIX367HML1,https://development-prakerja.oss-ap-southeast-5-internal.aliyuncs.com/106167054-627890-1709615450224589261.jpeg,2024-05-18 22:50:20,1177,0,G000000006FFC20240305000000208091577378
36278848,CWE8AXXWLK,https://development-prakerja.oss-ap-southeast-5-internal.aliyuncs.com/36278848-547124-1709615478311978417.jpeg,2024-05-18 22:50:22,1178,0,G000000006FFC20240305000000208094596135
7198366,39QIVPDO1U,https://development-prakerja.oss-ap-southeast-5-internal.aliyuncs.com/7198366-704621-1709615300008651612.jpeg,2024-05-18 22:50:23,1179,0,G000000006FFC20240305000000208086289570
106167054,BIX367HML1,https://development-prakerja.oss-ap-southeast-5-internal.aliyuncs.com/106167054-434439-1709615256507478582.jpeg,2024-05-18 22:50:24,1181,0,G000000006FFC20240305000000208084077866
100002254,GRNEN3X5B5,https://development-prakerja.oss-ap-southeast-5-internal.aliyuncs.com/100002254-847475-1709533238997318985.jpeg,2024-05-18 22:50:25,1182,0,G000000006FFC20240304000000206298135305
27269521,P1ASWVEHU0,https://development-prakerja.oss-ap-southeast-5-internal.aliyuncs.com/27269521-458020-1709615245521227599.jpeg,2024-05-18 22:50:25,1183,0,G000000006FFC20240305000000208085157817
5456194,AER60V8TFC,https://development-prakerja.oss-ap-southeast-5-internal.aliyuncs.com/5456194-194266-1709615242466366805.jpeg,2024-05-18 22:50:27,1185,0,G000000006FFC20240305000000208085305533
106917038,LQQEH20G1Q,https://development-prakerja.oss-ap-southeast-5-internal.aliyuncs.com/106917038-614882-1709615201216662674.jpeg,2024-05-18 22:50:28,1186,0,G000000006FFC20240305000000208083477772
791799,UDM97LCPOI,https://development-prakerja.oss-ap-southeast-5-internal.aliyuncs.com/791799-725149-1709615187850590660.jpeg,2024-05-18 22:50:29,1187,0,G000000006FFC20240305000000208083096918
106671310,D6ESNNDJGG,https://development-prakerja.oss-ap-southeast-5-internal.aliyuncs.com/106671310-677231-1709533140714010051.jpeg,2024-05-18 22:50:30,1188,0,G000000006FFC20240304000000206292855156
106790283,RJ07EC6QT5,https://development-prakerja.oss-ap-southeast-5-internal.aliyuncs.com/106790283-588643-1709528554923825019.jpeg,2024-05-18 22:50:31,1189,0,G000000006FFC20240304000000206097016609
106325303,TG52IODCYN,https://development-prakerja.oss-ap-southeast-5-internal.aliyuncs.com/106325303-742011-1709614989337614848.jpeg,2024-05-18 22:50:31,1191,0,G000000006FFC20240305000000208075070676
87681013,PXLGVW8J4M,https://development-prakerja.oss-ap-southeast-5-internal.aliyuncs.com/87681013-765546-1709528574905133574.jpeg,2024-05-18 22:50:34,1192,0,G000000006FFC20240304000000206099287317
100985068,BZGLFFAIRB,https://development-prakerja.oss-ap-southeast-5-internal.aliyuncs.com/100985068-460463-1709533339583040463.jpeg,2024-05-18 22:50:35,1193,0,G000000006FFC20240304000000206302021634
7990844,8LFET6EJTM,https://development-prakerja.oss-ap-southeast-5-internal.aliyuncs.com/7990844-448519-1709528608158696894.jpeg,2024-05-18 22:50:35,1195,0,G000000006FFC20240304000000206101248032
20990638,9LYH01X57N,https://development-prakerja.oss-ap-southeast-5-internal.aliyuncs.com/20990638-667274-1709528704888142076.jpeg,2024-05-18 22:50:38,1198,0,G000000006FFC20240304000000206107090163
106464454,7UIWNX4SS9,https://development-prakerja.oss-ap-southeast-5-internal.aliyuncs.com/106464454-830660-1709615076982150535.jpeg,2024-05-18 22:50:38,1199,0,G000000006FFC20240305000000208078405315
106464454,7UIWNX4SS9,https://development-prakerja.oss-ap-southeast-5-internal.aliyuncs.com/106464454-102046-1709615107256454163.jpeg,2024-05-18 22:50:39,1201,0,G000000006FFC20240305000000208079959230
106367476,9LI9FOY38Y,https://development-prakerja.oss-ap-southeast-5-internal.aliyuncs.com/106367476-898337-1709528713825104553.jpeg,2024-05-18 22:50:39,1202,0,G000000006FFC20240304000000206107014328
9941088,9VIP83LA6Z,https://development-prakerja.oss-ap-southeast-5-internal.aliyuncs.com/9941088-412168-1709533458821067514.jpeg,2024-05-18 22:50:39,1203,0,G000000006FFC20240304000000206305574555
107111450,NPB3R8RBCH,https://development-prakerja.oss-ap-southeast-5-internal.aliyuncs.com/107111450-910874-1709615143083425720.jpeg,2024-05-18 22:50:40,1204,0,G000000006FFC20240305000000208077180462
106378230,HTN20W3SK2,https://development-prakerja.oss-ap-southeast-5-internal.aliyuncs.com/106378230-639143-1709614918212586037.jpeg,2024-05-18 22:50:42,1205,0,G000000006FFC20240305000000208072372991
6012266,7OIGYK0HWD,https://development-prakerja.oss-ap-southeast-5-internal.aliyuncs.com/6012266-795810-1709533265478751293.jpeg,2024-05-18 22:50:42,1206,0,G000000006FFC20240304000000206299654109
106257311,DPP225MCIE,https://development-prakerja.oss-ap-southeast-5-internal.aliyuncs.com/106257311-587056-1709528714920005218.jpeg,2024-05-18 22:50:43,1207,0,G000000006FFC20240304000000206107493378
63823654,2Z0R7T3D5V,https://development-prakerja.oss-ap-southeast-5-internal.aliyuncs.com/63823654-196264-1709614905434136923.jpeg,2024-05-18 22:50:43,1208,0,G000000006FFC20240305000000208072014254
64625270,49HQW4FVHW,https://development-prakerja.oss-ap-southeast-5-internal.aliyuncs.com/64625270-722235-1709614898562103758.jpeg,2024-05-18 22:50:45,1210,0,G000000006FFC20240305000000208071441614
106508571,ZOU32KQFDE,https://development-prakerja.oss-ap-southeast-5-internal.aliyuncs.com/106508571-864295-1709614871877982428.jpeg,2024-05-18 22:50:46,1211,0,G000000006FFC20240305000000208070572072
70786764,L3BDEX3CJN,https://development-prakerja.oss-ap-southeast-5-internal.aliyuncs.com/70786764-167961-1709614692908871358.jpeg,2024-05-18 22:50:47,1212,0,G000000006FFC20240305000000208064441848
107010708,6DTB1HJXWT,https://development-prakerja.oss-ap-southeast-5-internal.aliyuncs.com/107010708-392083-1709614435164535909.jpeg,2024-05-18 22:50:48,1213,0,G000000006FFC20240305000000208055991021
107018004,UMUXP53NAC,https://development-prakerja.oss-ap-southeast-5-internal.aliyuncs.com/107018004-669750-1709533472862722948.jpeg,2024-05-18 22:50:48,1214,0,G000000006FFC20240304000000206307563706
99979933,0VPUYUIUQF,https://development-prakerja.oss-ap-southeast-5-internal.aliyuncs.com/99979933-812064-1709608499287530382.jpeg,2024-05-18 22:50:50,1215,0,G000000006FFC20240305000000207858585511
106179310,F8PE5RXDOL,https://development-prakerja.oss-ap-southeast-5-internal.aliyuncs.com/106179310-894800-1709528724252549131.jpeg,2024-05-18 22:50:50,1216,0,G000000006FFC20240304000000206106341603
92636724,6Z4HBJ43W2,https://development-prakerja.oss-ap-southeast-5-internal.aliyuncs.com/92636724-371290-1709611198340761171.jpeg,2024-05-18 22:50:51,1217,0,G000000006FFC20240305000000207948889093
107060712,1QW11Y4SNU,https://development-prakerja.oss-ap-southeast-5-internal.aliyuncs.com/107060712-140642-1709613359806373475.jpeg,2024-05-18 22:50:54,1221,0,G000000006FFC20240305000000208020830080
13773069,853LJDLDD2,https://development-prakerja.oss-ap-southeast-5-internal.aliyuncs.com/13773069-462251-1709614105261335276.jpeg,2024-05-18 22:50:56,1222,0,G000000006FFC20240305000000208045568140
106167054,BIX367HML1,https://development-prakerja.oss-ap-southeast-5-internal.aliyuncs.com/106167054-133375-1709614290681843988.jpeg,2024-05-18 22:50:57,1224,0,G000000006FFC20240305000000208051584845
99979933,0VPUYUIUQF,https://development-prakerja.oss-ap-southeast-5-internal.aliyuncs.com/99979933-513740-1709608047892009932.jpeg,2024-05-18 22:51:00,1225,0,G000000006FFC20240305000000207844452196
106464454,LI2BGRQBLS,https://development-prakerja.oss-ap-southeast-5-internal.aliyuncs.com/106464454-734888-1709528756741167726.jpeg,2024-05-18 22:51:00,1226,0,G000000006FFC20240304000000206106526549
25415855,T0YDBNYQ5S,https://development-prakerja.oss-ap-southeast-5-internal.aliyuncs.com/25415855-286598-1709607749500803261.jpeg,2024-05-18 22:51:01,1228,0,G000000006FFC20240305000000207834951443
104680446,2XWIV747V9,https://development-prakerja.oss-ap-southeast-5-internal.aliyuncs.com/104680446-124216-1709607581344995538.jpeg,2024-05-18 22:51:02,1229,0,G000000006FFC20240305000000207829242141
106179310,F8PE5RXDOL,https://development-prakerja.oss-ap-southeast-5-internal.aliyuncs.com/106179310-545602-1709528770138645313.jpeg,2024-05-18 22:51:03,1230,0,G000000006FFC20240304000000206110329403
104680446,2XWIV747V9,https://development-prakerja.oss-ap-southeast-5-internal.aliyuncs.com/104680446-430220-1709607517483210034.jpeg,2024-05-18 22:51:03,1231,0,G000000006FFC20240305000000207826055928
100002254,GRNEN3X5B5,https://development-prakerja.oss-ap-southeast-5-internal.aliyuncs.com/100002254-732365-1709533722688094775.jpeg,2024-05-18 22:51:04,1232,0,G000000006FFC20240304000000206317214871
68920884,ZOO34P17UY,https://development-prakerja.oss-ap-southeast-5-internal.aliyuncs.com/68920884-646947-1709528773824130057.jpeg,2024-05-18 22:51:05,1234,0,G000000006FFC20240304000000206110947760
104983509,EL4LO4DXRS,https://development-prakerja.oss-ap-southeast-5-internal.aliyuncs.com/104983509-558381-1709533787527659844.jpeg,2024-05-18 22:51:05,1235,0,G000000006FFC20240304000000206319431837
42222809,K0KIJQ0E05,https://development-prakerja.oss-ap-southeast-5-internal.aliyuncs.com/42222809-174496-1709533853936689843.jpeg,2024-05-18 22:51:08,1237,0,G000000006FFC20240304000000206319589639
105496542,BMKAZJ6U2Q,https://development-prakerja.oss-ap-southeast-5-internal.aliyuncs.com/105496542-727395-1709528774357203806.jpeg,2024-05-18 22:51:09,1238,0,G000000006FFC20240304000000206111230088
105272338,H0Z2P9FPRO,https://development-prakerja.oss-ap-southeast-5-internal.aliyuncs.com/105272338-427247-1709533570933931920.jpeg,2024-05-18 22:51:10,1239,0,G000000006FFC20240304000000206311526300
105879329,9KQ875J2OZ,https://development-prakerja.oss-ap-southeast-5-internal.aliyuncs.com/105879329-937190-1709533517964531286.jpeg,2024-05-18 22:51:11,1240,0,G000000006FFC20240304000000206309467854
20215080,WQBR7M23T3,https://development-prakerja.oss-ap-southeast-5-internal.aliyuncs.com/20215080-343642-1709528793247978947.jpeg,2024-05-18 22:51:13,1241,0,G000000006FFC20240304000000206112184377
106990993,N68WIXLS1K,https://development-prakerja.oss-ap-southeast-5-internal.aliyuncs.com/106990993-318959-1709533609732535111.jpeg,2024-05-18 22:51:14,1242,0,G000000006FFC20240304000000206312221650
107003054,TRONLEORMD,https://development-prakerja.oss-ap-southeast-5-internal.aliyuncs.com/107003054-673998-1709533905294946917.jpeg,2024-05-18 22:51:16,1243,0,G000000006FFC20240304000000206324352052
100584147,YZNJM0UFXT,https://development-prakerja.oss-ap-southeast-5-internal.aliyuncs.com/100584147-755440-1709528806682756734.jpeg,2024-05-18 22:51:16,1244,0,G000000006FFC20240304000000206112980574
20215080,WQBR7M23T3,https://development-prakerja.oss-ap-southeast-5-internal.aliyuncs.com/20215080-649366-1709528813105878213.jpeg,2024-05-18 22:51:17,1245,0,G000000006FFC20240304000000206113417291
93935728,3A6VVA4GSA,https://development-prakerja.oss-ap-southeast-5-internal.aliyuncs.com/93935728-244045-1709533935017159840.jpeg,2024-05-18 22:51:18,1246,0,G000000006FFC20240304000000206323835924
102871331,5UKN1ST9UV,https://development-prakerja.oss-ap-southeast-5-internal.aliyuncs.com/102871331-159354-1709533951250364232.jpeg,2024-05-18 22:51:19,1247,0,G000000006FFC20240304000000206326419928
19776727,8UVVNW6EOZ,https://development-prakerja.oss-ap-southeast-5-internal.aliyuncs.com/19776727-483537-1709616846211540453.jpeg,2024-05-18 22:51:34,1250,0,G000000006FFC20240305000000208145415489
106243986,YX30B8ZHQW,https://development-prakerja.oss-ap-southeast-5-internal.aliyuncs.com/106243986-339200-1709616872007183223.jpeg,2024-05-18 22:51:35,1252,0,G000000006FFC20240305000000208146029527
106537407,M18F5LRVQM,https://development-prakerja.oss-ap-southeast-5-internal.aliyuncs.com/106537407-571257-1709616889184075282.jpeg,2024-05-18 22:51:36,1254,0,G000000006FFC20240305000000208146743929
7478989,NAW6TC6RQI,https://development-prakerja.oss-ap-southeast-5-internal.aliyuncs.com/7478989-356831-1709616896318155753.jpeg,2024-05-18 22:51:38,1256,0,G000000006FFC20240305000000208146356648
105329876,09PSMBLXP7,https://development-prakerja.oss-ap-southeast-5-internal.aliyuncs.com/105329876-810532-1709616905236088378.jpeg,2024-05-18 22:51:39,1259,0,G000000006FFC20240305000000208146850225
106196695,2ASV4M4AGO,https://development-prakerja.oss-ap-southeast-5-internal.aliyuncs.com/106196695-446826-1709616915893421749.jpeg,2024-05-18 22:51:41,1261,0,G000000006FFC20240305000000208147824106
105440636,HI7872HSXY,https://development-prakerja.oss-ap-southeast-5-internal.aliyuncs.com/105440636-976817-1709534629294886164.jpeg,2024-05-18 22:51:43,1263,0,G000000006FFC20240304000000206350160641
23648111,JBYW0ULVG2,https://development-prakerja.oss-ap-southeast-5-internal.aliyuncs.com/23648111-347266-1709534617415290731.jpeg,2024-05-18 22:51:44,1265,0,G000000006FFC20240304000000206350384107
23648111,JBYW0ULVG2,https://development-prakerja.oss-ap-southeast-5-internal.aliyuncs.com/23648111-816644-1709534504620399466.jpeg,2024-05-18 22:51:46,1266,0,G000000006FFC20240304000000206346687024
104983509,EL4LO4DXRS,https://development-prakerja.oss-ap-southeast-5-internal.aliyuncs.com/104983509-869578-1709534465812968584.jpeg,2024-05-18 22:51:48,1269,0,G000000006FFC20240304000000206344954377
23648111,JBYW0ULVG2,https://development-prakerja.oss-ap-southeast-5-internal.aliyuncs.com/23648111-426339-1709534565079650574.jpeg,2024-05-18 22:51:49,1271,0,G000000006FFC20240304000000206348960952
106196695,2ASV4M4AGO,https://development-prakerja.oss-ap-southeast-5-internal.aliyuncs.com/106196695-734836-1709617036688010942.jpeg,2024-05-18 22:51:50,1272,0,G000000006FFC20240305000000208151786215
106367476,9LI9FOY38Y,https://development-prakerja.oss-ap-southeast-5-internal.aliyuncs.com/106367476-819711-1709528876374883136.jpeg,2024-05-18 22:51:53,1275,0,G000000006FFC20240304000000206113396890
106845226,WBEHJUH4HN,https://development-prakerja.oss-ap-southeast-5-internal.aliyuncs.com/106845226-822311-1709617232818258417.jpeg,2024-05-18 22:51:54,1277,0,G000000006FFC20240305000000208158585462
105440636,HI7872HSXY,https://development-prakerja.oss-ap-southeast-5-internal.aliyuncs.com/105440636-834159-1709534707406912370.jpeg,2024-05-18 22:51:55,1278,0,G000000006FFC20240304000000206353855786
105440636,HI7872HSXY,https://development-prakerja.oss-ap-southeast-5-internal.aliyuncs.com/105440636-378755-1709534677591170503.jpeg,2024-05-18 22:51:56,1281,0,G000000006FFC20240304000000206352585480
100020281,AF0MSB32AJ,https://development-prakerja.oss-ap-southeast-5-internal.aliyuncs.com/100020281-487168-1709617190630148965.jpeg,2024-05-18 22:51:56,1282,0,G000000006FFC20240305000000208156422046
26921787,DXP3FG865W,https://development-prakerja.oss-ap-southeast-5-internal.aliyuncs.com/26921787-476741-1709617153230816293.jpeg,2024-05-18 22:51:57,1283,0,G000000006FFC20240305000000208155806838
105272338,H0Z2P9FPRO,https://development-prakerja.oss-ap-southeast-5-internal.aliyuncs.com/105272338-140042-1709534671988112011.jpeg,2024-05-18 22:51:58,1284,0,G000000006FFC20240304000000206352239785
26921787,DXP3FG865W,https://development-prakerja.oss-ap-southeast-5-internal.aliyuncs.com/26921787-288363-1709617133616681494.jpeg,2024-05-18 22:51:59,1285,0,G000000006FFC20240305000000208154561883
106257311,Z57563XP3W,https://development-prakerja.oss-ap-southeast-5-internal.aliyuncs.com/106257311-411132-1709617118734188083.jpeg,2024-05-18 22:52:00,1286,0,G000000006FFC20240305000000208154539870
105440636,HI7872HSXY,https://development-prakerja.oss-ap-southeast-5-internal.aliyuncs.com/105440636-749911-1709534742645447228.jpeg,2024-05-18 22:52:01,1287,0,G000000006FFC20240304000000206354819422
106338022,SWEHND60RJ,https://development-prakerja.oss-ap-southeast-5-internal.aliyuncs.com/106338022-797141-1709529484742801576.jpeg,2024-05-18 22:52:02,1289,0,G000000006FFC20240304000000206144989481
105440636,HI7872HSXY,https://development-prakerja.oss-ap-southeast-5-internal.aliyuncs.com/105440636-162012-1709534769913292581.jpeg,2024-05-18 22:52:03,1290,0,G000000006FFC20240304000000206355864807
105440636,HI7872HSXY,https://development-prakerja.oss-ap-southeast-5-internal.aliyuncs.com/105440636-860625-1709534798639740310.jpeg,2024-05-18 22:52:04,1291,0,G000000006FFC20240304000000206356802942
19776727,Y9AGCM78RA,https://development-prakerja.oss-ap-southeast-5-internal.aliyuncs.com/19776727-233174-1709529490173020614.jpeg,2024-05-18 22:52:04,1293,0,G000000006FFC20240304000000206144998502
106303675,SUTDJ9A9GN,https://development-prakerja.oss-ap-southeast-5-internal.aliyuncs.com/106303675-103935-1709534888009497375.jpeg,2024-05-18 22:52:05,1294,0,G000000006FFC20240304000000206359851918